# 词	来源	替换
值得注意的是	lieflat 形式主语 0.02/千字；维基百科中文 AI 生成文的特征	删掉，直接写事实
需要指出的是	MrGeDiao Tier 1；EsserZ filler	删掉
值得一提的是	MrGeDiao Tier 1	删掉
不难发现	MrGeDiao Tier 1；EsserZ filler	给出证据或结论
众所周知	MrGeDiao Tier 1；EsserZ filler	删掉，或给出处
毋庸置疑	MrGeDiao Tier 1；EsserZ filler	删掉
综上所述	MrGeDiao Tier 1；Fengsh0923 结尾总结	删掉
总的来说	EsserZ filler；Fengsh0923 结尾总结	删掉
总而言之	Fengsh0923 结尾总结	删掉
至关重要	维基百科中文 AI 生成文的特征；MrGeDiao Tier 1	说为什么重要，或删掉
举足轻重	MrGeDiao Tier 1	同上
深远影响	MrGeDiao Tier 1	说影响了什么
不可磨灭	维基百科中文 AI 生成文的特征	说做了什么
前所未有	MrGeDiao Tier 1	给对比数据
标志着	维基百科中文 AI 生成文的特征	说发生了什么
见证	维基百科中文 AI 生成文的特征	删掉
根植于	维基百科中文 AI 生成文的特征	说来源
赋能	Fenng 黑话表；MrGeDiao Tier 1；EsserZ jargon	帮、让……能
抓手	Fenng 黑话表；MrGeDiao Tier 1；EsserZ jargon	方法、工具
闭环	Fenng 黑话表；MrGeDiao Tier 1；EsserZ jargon	说完成了什么；闭环控制、闭环反馈保留
一站式	EsserZ jargon	列出实际功能
全链路	EsserZ jargon	列出覆盖的阶段
底层逻辑	MrGeDiao Tier 1	原理、原因
颗粒度	MrGeDiao Tier 1	粒度、细节
降本增效	MrGeDiao Tier 1	给数字
助力	MrGeDiao Tier 1	帮
打造	MrGeDiao Tier 1	做、建
无缝	EsserZ jargon	说兼容条件
颠覆性	EsserZ jargon	说改变了什么
沉淀	Fenng 黑话表；EsserZ jargon	说保存或积累了什么
拉通	EsserZ jargon	说连接了哪些对象
打通	EsserZ jargon	说连接了哪些对象
兜底	EsserZ jargon	说失败后的保障
透传	EsserZ jargon	说哪些数据原样传给谁
拥抱变化	Fengsh0923 虚浮辞藻	删掉
让我们一起	MrGeDiao 开场套话	删掉
